{"cameraMode":{"drawMode":0,"name":"Shaded","section":"Shading Mode"},"sceneLighting":true,"audioPlay":false,"sceneViewState":{"showFog":true,"showMaterialUpdate":false,"showSkybox":true,"showFlares":true,"showImageEffects":true,"showParticleSystems":true},"in2DMode":false,"pivot":{"x":52.206695556640628,"y":139.6910858154297,"z":88.62554931640625},"rotation":{"x":0.1385004073381424,"y":0.0878181979060173,"z":-0.012331036850810051,"w":0.9863870143890381},"size":41.39155197143555,"orthographic":false}